{
    "best_model": "XGBoost",
    "metrics": {
        "Linear Regression": {
            "rmse": [
                35.925989082364055,
                36.41668789799911,
                36.972570114121325
            ],
            "mae": [
                24.742340550301588,
                25.05919546856148,
                25.572646580037482
            ],
            "r2": [
                0.690623579587247,
                0.6823966861853767,
                0.6729063592120095
            ],
            "avg_rmse": 36.4384156981615,
            "avg_mae": 25.124727532966848,
            "avg_r2": 0.6819755416615445
        },
        "Decision Tree": {
            "rmse": [
                39.55647487006602,
                39.49397581740034,
                38.944062990397356
            ],
            "mae": [
                25.857435939360627,
                25.878626322232417,
                25.605991655273243
            ],
            "r2": [
                0.6249364094767691,
                0.6264524875236938,
                0.6370930073598293
            ],
            "avg_rmse": 39.33150455928791,
            "avg_mae": 25.78068463895543,
            "avg_r2": 0.6294939681200974
        },
        "Random Forest": {
            "rmse": [
                34.35913009130136,
                34.69913878228544,
                34.65850046340422
            ],
            "mae": [
                23.291058215077584,
                23.437744507439422,
                23.398356515857614
            ],
            "r2": [
                0.7170210944243505,
                0.7116489556158607,
                0.7125698274588388
            ],
            "avg_rmse": 34.572256445663676,
            "avg_mae": 23.375719746124872,
            "avg_r2": 0.7137466258330166
        },
        "Neural Network (MLP)": {
            "rmse": [
                34.44385400691929,
                34.842258970064776,
                35.70955782527797
            ],
            "mae": [
                23.431555746606495,
                23.830165143210092,
                24.65985444456319
            ],
            "r2": [
                0.7156238157307255,
                0.7092653826568674,
                0.6948722099627592
            ],
            "avg_rmse": 34.99855693408735,
            "avg_mae": 23.97385844479326,
            "avg_r2": 0.706587136116784
        },
        "XGBoost": {
            "rmse": [
                33.84587097167969,
                33.6312255859375,
                33.874656677246094
            ],
            "mae": [
                23.157072067260742,
                22.96665382385254,
                23.096349716186523
            ],
            "r2": [
                0.7254122495651245,
                0.7291246652603149,
                0.7254239916801453
            ],
            "avg_rmse": 33.78391647338867,
            "avg_mae": 23.0733585357666,
            "avg_r2": 0.7266536355018616
        }
    },
    "feature_importance": {
        "AQI_roll_mean_24h": 0.7343980669975281,
        "PM25_lag_1": 0.038840096443891525,
        "PM25_lag_24": 0.02159317582845688,
        "Month": 0.021067006513476372,
        "PM10": 0.019319646060466766,
        "CO": 0.017822932451963425,
        "Hour": 0.016504785045981407,
        "AQI_lag_24": 0.013580622151494026,
        "PM2.5": 0.013229312375187874,
        "AQI_lag_1": 0.008227329701185226,
        "NO2": 0.006986372172832489,
        "City_Code": 0.006504989229142666,
        "DayOfYear": 0.006310039199888706,
        "Temp_lag_12": 0.00622699735686183,
        "Temp_lag_6": 0.004905846435576677,
        "PM25_lag_12": 0.0048783705569803715,
        "AQI_roll_mean_6h": 0.004162541124969721,
        "Temp_lag_24": 0.0036007524468004704,
        "Temp_lag_1": 0.003235906595364213,
        "PM25_lag_3": 0.0031578156631439924,
        "PM25_lag_2": 0.0031466479413211346,
        "AQI_roll_std_24h": 0.00310448813252151,
        "Pressure": 0.0029617303516715765,
        "Temperature": 0.00292757386341691,
        "AQI_lag_12": 0.002650217851623893,
        "Humid_change_24h": 0.0024495653342455626,
        "Temp_lag_3": 0.0024341605603694916,
        "Temp_lag_2": 0.00240689842030406,
        "O3": 0.002389686182141304,
        "PM25_lag_6": 0.0023561068810522556,
        "Wind Speed": 0.0023526521399617195,
        "AQI_lag_3": 0.0022595603950321674,
        "AQI_lag_2": 0.0021766123827546835,
        "AQI_lag_6": 0.0020912587642669678,
        "Temp_change_24h": 0.0020497639197856188,
        "Humidity": 0.002008571056649089,
        "SO2": 0.0019938265904784203,
        "Rainfall": 0.0018947033677250147,
        "DayOfWeek": 0.0017933564959093928
    }
}